{
  "version": "1.0",
  "session_id": "session-2026-01-29T18-37-14-e799c787",
  "last_updated": "2026-01-29T18:37:14.796Z",
  "chunk_number": 0,
  "immutable_facts": {
    "setting_location": "AI_SELECT_LOCATION",
    "protagonist_name": null,
    "protagonist_role": "Someone who has arrived at this place",
    "pov_type": "first_person",
    "tense": "past",
    "total_rule_count": 7,
    "ending_type": "true_exit_with_cost",
    "primary_theme": "AI_SELECT_THEME"
  },
  "rule_state": {
    "rules": [
      {
        "rule_number": 1,
        "rule_text": "Never look directly at them after midnight",
        "status": "discovered",
        "discovered_in_chunk": 0,
        "violated_in_chunk": null,
        "violation_count": 0,
        "consequence_applied": false,
        "consequence_description": null
      },
      {
        "rule_number": 2,
        "rule_text": "Always acknowledge them when entering a room",
        "status": "discovered",
        "discovered_in_chunk": 0,
        "violated_in_chunk": null,
        "violation_count": 0,
        "consequence_applied": false,
        "consequence_description": null
      },
      {
        "rule_number": 3,
        "rule_text": "If you hear scratching, remain completely still",
        "status": "discovered",
        "discovered_in_chunk": 0,
        "violated_in_chunk": null,
        "violation_count": 0,
        "consequence_applied": false,
        "consequence_description": null
      },
      {
        "rule_number": 4,
        "rule_text": "Never cross the the marked line after sunset",
        "status": "discovered",
        "discovered_in_chunk": 0,
        "violated_in_chunk": null,
        "violation_count": 0,
        "consequence_applied": false,
        "consequence_description": null
      },
      {
        "rule_number": 5,
        "rule_text": "Complete the first ritual before the second ritual",
        "status": "discovered",
        "discovered_in_chunk": 0,
        "violated_in_chunk": null,
        "violation_count": 0,
        "consequence_applied": false,
        "consequence_description": null
      },
      {
        "rule_number": 6,
        "rule_text": "Count to 7 whenever the lights flicker occurs",
        "status": "discovered",
        "discovered_in_chunk": 0,
        "violated_in_chunk": null,
        "violation_count": 0,
        "consequence_applied": false,
        "consequence_description": null
      },
      {
        "rule_number": 7,
        "rule_text": "Never speak their name aloud within these walls",
        "status": "unknown",
        "discovered_in_chunk": null,
        "violated_in_chunk": null,
        "violation_count": 0,
        "consequence_applied": false,
        "consequence_description": null
      }
    ],
    "rules_discovered": 6,
    "rules_violated": 0,
    "rules_remaining_unknown": 1
  },
  "protagonist_state": {
    "physical_condition": {
      "health": "healthy",
      "injuries": [],
      "location_in_setting": "entry_point",
      "possessions": [],
      "lost_possessions": []
    },
    "mental_condition": {
      "awareness": "unaware",
      "sanity": "stable",
      "primary_emotion": "neutral",
      "motivations": [
        "Understanding what is happening"
      ]
    },
    "knowledge": {
      "knows_rules": [
        1,
        2,
        3,
        4,
        5,
        6
      ],
      "knows_entities": [],
      "knows_escape_method": false,
      "false_beliefs": [],
      "recent_discoveries": []
    }
  },
  "entity_state": {
    "entities": [],
    "active_entity_count": 0,
    "total_entity_appearances": 0
  },
  "escalation_state": {
    "escalation_tier": 1,
    "escalation_events": [],
    "contamination_level": 0,
    "point_of_no_return_reached": false,
    "can_still_escape_cleanly": true
  },
  "narrative_state": {
    "current_chunk": 0,
    "total_words_generated": 0,
    "target_words_remaining": 17000,
    "act_structure": {
      "current_act": "setup",
      "act_started_chunk": 1,
      "beats_completed": [],
      "beats_remaining": [
        "introduction",
        "rule_discovery",
        "first_test",
        "escalation",
        "crisis",
        "resolution"
      ]
    },
    "scene_state": {
      "current_scene_number": 0,
      "current_scene_goal": "Establish setting and protagonist",
      "scene_tension_level": "low"
    },
    "timeline": {
      "story_start_time": null,
      "current_time": null,
      "elapsed_in_story": "0"
    }
  },
  "continuity": {
    "established_facts": [],
    "named_elements": {
      "character_names": [],
      "location_names": [
        "AI_SELECT_LOCATION"
      ],
      "object_names": [],
      "entity_names": []
    },
    "promises": []
  },
  "state_delta": {
    "changes": []
  }
}