{
  "version": "1.0",
  "stage": "generate",
  "session_id": "session-2026-01-30T01-27-32-54a7f32b",
  "timestamp": "2026-01-30T01:41:05.694Z",
  "chunk_number": 5,
  "generation_summary": {
    "chunk_word_count": 1555,
    "total_words_generated": 8656,
    "target_words": 16000,
    "chunks_completed": 5,
    "total_chunks": 8,
    "escalation_tier": 5,
    "rules_discovered": 7,
    "rules_violated": 0,
    "entities_active": 15
  },
  "audit_result": {
    "status": "PASS",
    "recommendation": "PROCEED",
    "critical_failures": [],
    "warnings": [],
    "checks": {
      "identity_preservation": {
        "name": "identity_preservation",
        "status": "PASS",
        "severity": "critical",
        "sub_checks": {
          "pov_consistency": {
            "status": "PASS",
            "evidence": "First-person pronouns: 56, ratio: 65.1%"
          },
          "setting_identity": {
            "status": "PASS",
            "evidence": "Atmosphere keywords found: wrong"
          }
        }
      },
      "rule_consistency": {
        "name": "rule_consistency",
        "status": "PASS",
        "severity": "critical",
        "sub_checks": {
          "no_unauthorized_rules": {
            "status": "PASS",
            "evidence": "Contract rules: 7, State rules: 7"
          }
        }
      },
      "scope_enforcement": {
        "name": "scope_enforcement",
        "status": "PASS",
        "severity": "critical",
        "sub_checks": {
          "no_new_protagonists": {
            "status": "PASS",
            "evidence": "No POV shift detected"
          },
          "not_premature_end": {
            "status": "PASS",
            "evidence": "No premature ending"
          },
          "word_count_reasonable": {
            "status": "PASS",
            "evidence": "Chunk words: 1555, target: 2000 (50-150%: 1000-3000)"
          }
        }
      },
      "escalation_integrity": {
        "name": "escalation_integrity",
        "status": "PASS",
        "severity": "critical",
        "sub_checks": {
          "escalation_monotonic": {
            "status": "PASS",
            "evidence": "Tier: 4 -> 5"
          },
          "contamination_monotonic": {
            "status": "PASS",
            "evidence": "Contamination: 85% -> 95%"
          },
          "violations_monotonic": {
            "status": "PASS",
            "evidence": "Violations: 0 -> 0"
          }
        }
      },
      "state_validity": {
        "name": "state_validity",
        "status": "PASS",
        "severity": "major",
        "sub_checks": {
          "chunk_incremented": {
            "status": "PASS",
            "evidence": "Chunk: 4 -> 5"
          },
          "words_updated": {
            "status": "PASS",
            "evidence": "Words: 7101 + 1555 = 8656, state says 8656"
          }
        }
      }
    }
  },
  "next_action": "continue",
  "errors": [],
  "warnings": []
}