{
  "version": "1.0",
  "session_id": "session-2026-01-30T01-27-32-54a7f32b",
  "last_updated": "2026-01-30T01:41:05.692Z",
  "chunk_number": 5,
  "immutable_facts": {
    "setting_location": "AI_SELECT_LOCATION",
    "protagonist_name": null,
    "protagonist_role": "Someone who has arrived at this place",
    "pov_type": "first_person",
    "tense": "past",
    "total_rule_count": 7,
    "ending_type": "ambiguous_exit",
    "primary_theme": "AI_SELECT_THEME"
  },
  "rule_state": {
    "rules": [
      {
        "rule_number": 1,
        "rule_text": "Never acknowledge or respond to any patron who enters after 3:33 AM until they have made a purchase",
        "status": "discovered",
        "discovered_in_chunk": 0,
        "violated_in_chunk": null,
        "violation_count": 0,
        "consequence_applied": false,
        "consequence_description": null
      },
      {
        "rule_number": 2,
        "rule_text": "If the security cameras show a different layout of the store than what you can see, close your eyes and count to thirteen before looking again",
        "status": "discovered",
        "discovered_in_chunk": 0,
        "violated_in_chunk": null,
        "violation_count": 0,
        "consequence_applied": false,
        "consequence_description": null
      },
      {
        "rule_number": 3,
        "rule_text": "All transactions after midnight must be completed in exact change only",
        "status": "discovered",
        "discovered_in_chunk": 0,
        "violated_in_chunk": null,
        "violation_count": 0,
        "consequence_applied": false,
        "consequence_description": null
      },
      {
        "rule_number": 4,
        "rule_text": "Do not enter the walk-in cooler if you can hear your own voice calling from inside",
        "status": "discovered",
        "discovered_in_chunk": 0,
        "violated_in_chunk": null,
        "violation_count": 0,
        "consequence_applied": false,
        "consequence_description": null
      },
      {
        "rule_number": 5,
        "rule_text": "Any customer who attempts to purchase items that are not on the shelves must be directed to fill out Form 77-B in triplicate",
        "status": "discovered",
        "discovered_in_chunk": 0,
        "violated_in_chunk": null,
        "violation_count": 0,
        "consequence_applied": false,
        "consequence_description": null
      },
      {
        "rule_number": 6,
        "rule_text": "If the fluorescent lights begin flickering in sequence from front to back, you must walk the pattern in reverse until they stop",
        "status": "discovered",
        "discovered_in_chunk": 0,
        "violated_in_chunk": null,
        "violation_count": 0,
        "consequence_applied": false,
        "consequence_description": null
      },
      {
        "rule_number": 7,
        "rule_text": "The employee break room door must remain locked between 2:00 AM and 4:00 AM, regardless of who or what requests entry",
        "status": "discovered",
        "discovered_in_chunk": 0,
        "violated_in_chunk": null,
        "violation_count": 0,
        "consequence_applied": false,
        "consequence_description": null
      }
    ],
    "rules_discovered": 7,
    "rules_violated": 0,
    "rules_remaining_unknown": 0
  },
  "protagonist_state": {
    "physical_condition": {
      "health": "transformed",
      "injuries": [
        "feet fused with floor",
        "body being absorbed into store uniform"
      ],
      "location_in_setting": "behind counter at convenience store",
      "possessions": [],
      "lost_possessions": []
    },
    "mental_condition": {
      "awareness": "resigned",
      "sanity": "stable",
      "primary_emotion": "neutral",
      "motivations": [
        "Understanding what is happening"
      ]
    },
    "knowledge": {
      "knows_rules": [
        1,
        2,
        3,
        4,
        5,
        6,
        7
      ],
      "knows_entities": [],
      "knows_escape_method": false,
      "false_beliefs": [],
      "recent_discoveries": []
    }
  },
  "entity_state": {
    "entities": [
      {
        "entity_name": "Voice from Cooler",
        "entity_type": "presence",
        "first_appeared_chunk": 1,
        "current_status": "active",
        "threat_level": "present",
        "last_action": "Called out using protagonist's own voice from walk-in cooler",
        "triggered_by": [],
        "capabilities_revealed": []
      },
      {
        "entity_name": "Monitor Entity",
        "entity_type": "presence",
        "first_appeared_chunk": 1,
        "current_status": "observing",
        "threat_level": "present",
        "last_action": "Altered security camera display to show impossible store layout",
        "triggered_by": [],
        "capabilities_revealed": []
      },
      {
        "entity_name": "Impossible Customer",
        "entity_type": "entity",
        "first_appeared_chunk": 1,
        "current_status": "active",
        "threat_level": "present",
        "last_action": "Requested cigarettes from impossible location, disappeared after being given Form 77-B",
        "triggered_by": [],
        "capabilities_revealed": []
      },
      {
        "entity_name": "Break Room Presence",
        "entity_type": "presence",
        "first_appeared_chunk": 1,
        "current_status": "active",
        "threat_level": "present",
        "last_action": "Knocked on locked break room door claiming to need keys",
        "triggered_by": [],
        "capabilities_revealed": []
      },
      {
        "entity_name": "Post-3:33 Woman",
        "entity_type": "entity",
        "first_appeared_chunk": 1,
        "current_status": "sated",
        "threat_level": "immediate",
        "last_action": "Entered after 3:33 AM, tested protagonist's rule compliance, made purchase and left",
        "triggered_by": [],
        "capabilities_revealed": []
      },
      {
        "entity_name": "Voice Mimic in Cooler",
        "entity_type": "presence",
        "first_appeared_chunk": 2,
        "current_status": "active",
        "threat_level": "present",
        "last_action": "Mimicked protagonist's voice to try to lure them into cooler, then went silent",
        "triggered_by": [],
        "capabilities_revealed": []
      },
      {
        "entity_name": "Break Room Entity",
        "entity_type": "presence",
        "first_appeared_chunk": 2,
        "current_status": "pursuing",
        "threat_level": "immediate",
        "last_action": "Impersonated manager Dave, demanded entry, became increasingly violent and inhuman",
        "triggered_by": [],
        "capabilities_revealed": []
      },
      {
        "entity_name": "Following Presence",
        "entity_type": "presence",
        "first_appeared_chunk": 2,
        "current_status": "pursuing",
        "threat_level": "present",
        "last_action": "Followed protagonist during Rule 6 light sequence, stayed just outside peripheral vision",
        "triggered_by": [],
        "capabilities_revealed": []
      },
      {
        "entity_name": "Alex Doppelganger",
        "entity_type": "creature",
        "first_appeared_chunk": 3,
        "current_status": "sated",
        "threat_level": "engaged",
        "last_action": "Purchased blank name tag using Form 77-B, completed identity replacement transaction",
        "triggered_by": [],
        "capabilities_revealed": []
      },
      {
        "entity_name": "Marcus (Former Employee)",
        "entity_type": "creature",
        "first_appeared_chunk": 3,
        "current_status": "manifesting",
        "threat_level": "immediate",
        "last_action": "Appeared after reality distortion, revealed impossible Rule 8 creating paradox",
        "triggered_by": [],
        "capabilities_revealed": []
      },
      {
        "entity_name": "Voices in Cooler",
        "entity_type": "presence",
        "first_appeared_chunk": 3,
        "current_status": "active",
        "threat_level": "present",
        "last_action": "Multiple versions of protagonist's voice calling from walk-in cooler",
        "triggered_by": [],
        "capabilities_revealed": []
      },
      {
        "entity_name": "Hospital Gown Woman",
        "entity_type": "creature",
        "first_appeared_chunk": 4,
        "current_status": "manifesting",
        "threat_level": "engaged",
        "last_action": "Floating above ground, forcing impossible transaction through completed forms, causing reality distortion",
        "triggered_by": [],
        "capabilities_revealed": []
      },
      {
        "entity_name": "Multiple Voice Chorus",
        "entity_type": "presence",
        "first_appeared_chunk": 4,
        "current_status": "active",
        "threat_level": "immediate",
        "last_action": "Speaking in unison from walk-in cooler, urging protagonist to complete impossible sale",
        "triggered_by": [],
        "capabilities_revealed": []
      },
      {
        "entity_name": "Multiple Protagonist Voices",
        "entity_type": "presence",
        "first_appeared_chunk": 5,
        "current_status": "active",
        "threat_level": "immediate",
        "last_action": "Called from walk-in cooler offering contradictory guidance and warnings",
        "triggered_by": [],
        "capabilities_revealed": []
      },
      {
        "entity_name": "Shadow Customers",
        "entity_type": "presence",
        "first_appeared_chunk": 5,
        "current_status": "observing",
        "threat_level": "ambient",
        "last_action": "Appeared flickering between aisles during light sequence",
        "triggered_by": [],
        "capabilities_revealed": []
      }
    ],
    "active_entity_count": 15,
    "total_entity_appearances": 17
  },
  "escalation_state": {
    "escalation_tier": 5,
    "escalation_events": [
      {
        "chunk": 1,
        "event": "Multiple supernatural encounters throughout first shift - voice from cooler, security camera anomaly, impossible customer requests, break room disturbance, light sequence, and post-3:33 AM entity",
        "tier_before": 1,
        "tier_after": 3
      },
      {
        "chunk": 2,
        "event": "Multiple simultaneous supernatural events: impossible customer with reality-bending merchandise, entity impersonating manager trying to break out of break room, security monitor showing alternate reality, lights triggering Rule 6 sequence",
        "tier_before": 3,
        "tier_after": 4
      },
      {
        "chunk": 5,
        "event": "Final confrontation and forced transformation into permanent night manager",
        "tier_before": 4,
        "tier_after": 5
      }
    ],
    "contamination_level": 95,
    "point_of_no_return_reached": true,
    "can_still_escape_cleanly": false
  },
  "narrative_state": {
    "current_chunk": 5,
    "total_words_generated": 8656,
    "target_words_remaining": 7344,
    "act_structure": {
      "current_act": "resolution",
      "act_started_chunk": 5,
      "beats_completed": [],
      "beats_remaining": [
        "introduction",
        "rule_discovery",
        "first_test",
        "escalation",
        "crisis",
        "resolution"
      ]
    },
    "scene_state": {
      "current_scene_number": 0,
      "current_scene_goal": "Establish setting and protagonist",
      "scene_tension_level": "peak"
    },
    "timeline": {
      "story_start_time": null,
      "current_time": null,
      "elapsed_in_story": "0"
    }
  },
  "continuity": {
    "established_facts": [
      {
        "fact": "Jake is the new overnight clerk starting his first shift",
        "established_chunk": 1,
        "category": "character"
      },
      {
        "fact": "The gas station has been there since 1987 with old electrical systems",
        "established_chunk": 1,
        "category": "setting"
      },
      {
        "fact": "Previous clerk was fired for not following rules seriously",
        "established_chunk": 1,
        "category": "character"
      },
      {
        "fact": "Gary works the shift before Jake and has the pallor of someone who hasn't seen sunlight in years",
        "established_chunk": 1,
        "category": "character"
      },
      {
        "fact": "The store interior is larger than the exterior suggests",
        "established_chunk": 1,
        "category": "setting"
      },
      {
        "fact": "There's a persistent sweet organic smell that gets stronger over time",
        "established_chunk": 1,
        "category": "setting"
      },
      {
        "fact": "Form 77-B exists in triplicate for impossible purchase requests",
        "established_chunk": 1,
        "category": "object"
      },
      {
        "fact": "Breaking the rules leads to something worse than just being fired",
        "established_chunk": 1,
        "category": "rule"
      },
      {
        "fact": "The rules are a survival guide, not arbitrary workplace regulations",
        "established_chunk": 1,
        "category": "rule"
      },
      {
        "fact": "The gas station exists as a nexus point where different realities bleed through",
        "established_chunk": 2,
        "category": "setting"
      },
      {
        "fact": "The rules anchor the protagonist to their original dimension - breaking them causes slipping into other realities",
        "established_chunk": 2,
        "category": "rule"
      },
      {
        "fact": "Time moves differently in this location - could be days or decades",
        "established_chunk": 2,
        "category": "setting"
      },
      {
        "fact": "Marcus lasted longer than most previous employees but eventually broke a rule and slipped through",
        "established_chunk": 2,
        "category": "character"
      },
      {
        "fact": "Form 77-B actually exists and gets filed in a slot that appears behind the register",
        "established_chunk": 2,
        "category": "object"
      },
      {
        "fact": "Someone enters at exactly 3:33 AM, triggering Rule 1 conditions",
        "established_chunk": 2,
        "category": "timeline"
      },
      {
        "fact": "Form 77-B appears from slot in wall when needed",
        "established_chunk": 3,
        "category": "system"
      },
      {
        "fact": "Doppelganger completed purchase of blank name tag for identity replacement",
        "established_chunk": 3,
        "category": "entity"
      },
      {
        "fact": "Security monitor timestamps can run backward",
        "established_chunk": 3,
        "category": "setting"
      },
      {
        "fact": "Store layout can change to impossible configurations",
        "established_chunk": 3,
        "category": "setting"
      },
      {
        "fact": "Multiple versions of protagonist's voice now trapped in cooler",
        "established_chunk": 3,
        "category": "entity"
      },
      {
        "fact": "Rule 8 exists: Never trust anyone who claims to be a former employee",
        "established_chunk": 3,
        "category": "rule"
      },
      {
        "fact": "Rules can change without protagonist's knowledge",
        "established_chunk": 3,
        "category": "system"
      },
      {
        "fact": "Marcus lasted three months as employee",
        "established_chunk": 3,
        "category": "character"
      },
      {
        "fact": "Forms can manifest impossible items when filled out by supernatural entities",
        "established_chunk": 4,
        "category": "rule"
      },
      {
        "fact": "The protagonist's signature can appear on forms without them signing",
        "established_chunk": 4,
        "category": "setting"
      },
      {
        "fact": "Time is becoming unstable - clock jumped from 3:47 to 4:13 AM",
        "established_chunk": 4,
        "category": "timeline"
      },
      {
        "fact": "Impossible cigarettes actually appeared in the display case",
        "established_chunk": 4,
        "category": "object"
      },
      {
        "fact": "Marcus is trapped in the break room and trying to warn against the transaction",
        "established_chunk": 4,
        "category": "character"
      },
      {
        "fact": "The woman in the hospital gown wrote the rules",
        "established_chunk": 5,
        "category": "entity"
      },
      {
        "fact": "Marcus is trapped in the break room as previous night manager",
        "established_chunk": 5,
        "category": "character"
      },
      {
        "fact": "Time is frozen at 4:13 AM in an endless loop",
        "established_chunk": 5,
        "category": "setting"
      },
      {
        "fact": "There are multiple versions of employees working different shifts simultaneously",
        "established_chunk": 5,
        "category": "setting"
      },
      {
        "fact": "All customers are just employees who haven't been oriented yet",
        "established_chunk": 5,
        "category": "rule"
      },
      {
        "fact": "The store extends infinitely with impossible aisles",
        "established_chunk": 5,
        "category": "setting"
      },
      {
        "fact": "Employment contracts are permanent and inescapable",
        "established_chunk": 5,
        "category": "rule"
      },
      {
        "fact": "The protagonist is Employee #847",
        "established_chunk": 5,
        "category": "character"
      }
    ],
    "named_elements": {
      "character_names": [],
      "location_names": [
        "AI_SELECT_LOCATION"
      ],
      "object_names": [],
      "entity_names": [
        "Voice from Cooler",
        "Monitor Entity",
        "Impossible Customer",
        "Break Room Presence",
        "Post-3:33 Woman",
        "Voice Mimic in Cooler",
        "Break Room Entity",
        "Following Presence",
        "Alex Doppelganger",
        "Marcus (Former Employee)",
        "Voices in Cooler",
        "Hospital Gown Woman",
        "Multiple Voice Chorus",
        "Multiple Protagonist Voices",
        "Shadow Customers"
      ]
    },
    "promises": [
      {
        "setup": "Jake realizes breaking rules leads to something 'far more permanent' than termination",
        "established_chunk": 1,
        "requires_payoff_by": null,
        "paid_off": false,
        "payoff_chunk": null
      },
      {
        "setup": "The sweet organic smell is getting stronger and seems significant",
        "established_chunk": 1,
        "requires_payoff_by": null,
        "paid_off": false,
        "payoff_chunk": null
      },
      {
        "setup": "This is only the beginning of Jake's supernatural encounters",
        "established_chunk": 1,
        "requires_payoff_by": null,
        "paid_off": false,
        "payoff_chunk": null
      },
      {
        "setup": "New patron enters at 3:33 AM requiring Rule 1 protocol (no acknowledgment until purchase)",
        "established_chunk": 2,
        "requires_payoff_by": null,
        "paid_off": false,
        "payoff_chunk": null
      },
      {
        "setup": "Break room entity becoming increasingly violent and door frame creaking/splintering",
        "established_chunk": 2,
        "requires_payoff_by": null,
        "paid_off": false,
        "payoff_chunk": null
      },
      {
        "setup": "Following presence that remains after light sequence ends",
        "established_chunk": 2,
        "requires_payoff_by": null,
        "paid_off": false,
        "payoff_chunk": null
      },
      {
        "setup": "Paradox of Rule 8 - how to follow rule never told about",
        "established_chunk": 3,
        "requires_payoff_by": null,
        "paid_off": false,
        "payoff_chunk": null
      },
      {
        "setup": "Multiple voices in cooler claiming to be real protagonist",
        "established_chunk": 3,
        "requires_payoff_by": null,
        "paid_off": false,
        "payoff_chunk": null
      },
      {
        "setup": "Marcus claims rules changed while he wasn't looking",
        "established_chunk": 3,
        "requires_payoff_by": null,
        "paid_off": false,
        "payoff_chunk": null
      },
      {
        "setup": "Protagonist must decide whether to complete the impossible transaction that could damn everyone",
        "established_chunk": 4,
        "requires_payoff_by": null,
        "paid_off": false,
        "payoff_chunk": null
      },
      {
        "setup": "Time distortion effects from the backwards-burning cigarettes",
        "established_chunk": 4,
        "requires_payoff_by": null,
        "paid_off": false,
        "payoff_chunk": null
      },
      {
        "setup": "Protagonist must decide whether to sign willingly or be forced",
        "established_chunk": 5,
        "requires_payoff_by": null,
        "paid_off": false,
        "payoff_chunk": null
      }
    ]
  },
  "state_delta": {
    "chunk": 5,
    "timestamp": "2026-01-30T01:41:05.692Z",
    "changes": [
      "words: 7101 -> 8656",
      "escalation: tier 4 -> 5",
      "contamination: 85% -> 95%",
      "health: healthy -> transformed",
      "location: main store floor near counter and cigarette display -> behind counter at convenience store",
      "awareness: terrified -> resigned",
      "injury: feet fused with floor",
      "injury: body being absorbed into store uniform",
      "entity appeared: Multiple Protagonist Voices",
      "entity appeared: Shadow Customers",
      "fact established: The woman in the hospital gown wrote the rules...",
      "fact established: Marcus is trapped in the break room as previous ni...",
      "fact established: Time is frozen at 4:13 AM in an endless loop...",
      "fact established: There are multiple versions of employees working d...",
      "fact established: All customers are just employees who haven't been ...",
      "fact established: The store extends infinitely with impossible aisle...",
      "fact established: Employment contracts are permanent and inescapable...",
      "fact established: The protagonist is Employee #847...",
      "promise: Protagonist must decide whether to sign willingly ...",
      "act: setup -> resolution",
      "point of no return reached"
    ]
  }
}