{
  "version": "1.0",
  "session_id": "session-2026-01-30T01-27-32-54a7f32b",
  "last_updated": "2026-01-30T01:33:48.844Z",
  "chunk_number": 1,
  "immutable_facts": {
    "setting_location": "AI_SELECT_LOCATION",
    "protagonist_name": null,
    "protagonist_role": "Someone who has arrived at this place",
    "pov_type": "first_person",
    "tense": "past",
    "total_rule_count": 7,
    "ending_type": "ambiguous_exit",
    "primary_theme": "AI_SELECT_THEME"
  },
  "rule_state": {
    "rules": [
      {
        "rule_number": 1,
        "rule_text": "Never acknowledge or respond to any patron who enters after 3:33 AM until they have made a purchase",
        "status": "discovered",
        "discovered_in_chunk": 0,
        "violated_in_chunk": null,
        "violation_count": 0,
        "consequence_applied": false,
        "consequence_description": null
      },
      {
        "rule_number": 2,
        "rule_text": "If the security cameras show a different layout of the store than what you can see, close your eyes and count to thirteen before looking again",
        "status": "discovered",
        "discovered_in_chunk": 0,
        "violated_in_chunk": null,
        "violation_count": 0,
        "consequence_applied": false,
        "consequence_description": null
      },
      {
        "rule_number": 3,
        "rule_text": "All transactions after midnight must be completed in exact change only",
        "status": "discovered",
        "discovered_in_chunk": 0,
        "violated_in_chunk": null,
        "violation_count": 0,
        "consequence_applied": false,
        "consequence_description": null
      },
      {
        "rule_number": 4,
        "rule_text": "Do not enter the walk-in cooler if you can hear your own voice calling from inside",
        "status": "discovered",
        "discovered_in_chunk": 0,
        "violated_in_chunk": null,
        "violation_count": 0,
        "consequence_applied": false,
        "consequence_description": null
      },
      {
        "rule_number": 5,
        "rule_text": "Any customer who attempts to purchase items that are not on the shelves must be directed to fill out Form 77-B in triplicate",
        "status": "discovered",
        "discovered_in_chunk": 0,
        "violated_in_chunk": null,
        "violation_count": 0,
        "consequence_applied": false,
        "consequence_description": null
      },
      {
        "rule_number": 6,
        "rule_text": "If the fluorescent lights begin flickering in sequence from front to back, you must walk the pattern in reverse until they stop",
        "status": "discovered",
        "discovered_in_chunk": 0,
        "violated_in_chunk": null,
        "violation_count": 0,
        "consequence_applied": false,
        "consequence_description": null
      },
      {
        "rule_number": 7,
        "rule_text": "The employee break room door must remain locked between 2:00 AM and 4:00 AM, regardless of who or what requests entry",
        "status": "discovered",
        "discovered_in_chunk": 0,
        "violated_in_chunk": null,
        "violation_count": 0,
        "consequence_applied": false,
        "consequence_description": null
      }
    ],
    "rules_discovered": 7,
    "rules_violated": 0,
    "rules_remaining_unknown": 0
  },
  "protagonist_state": {
    "physical_condition": {
      "health": "healthy",
      "injuries": [],
      "location_in_setting": "behind counter at gas station",
      "possessions": [],
      "lost_possessions": []
    },
    "mental_condition": {
      "awareness": "aware",
      "sanity": "stable",
      "primary_emotion": "neutral",
      "motivations": [
        "Understanding what is happening"
      ]
    },
    "knowledge": {
      "knows_rules": [
        1,
        2,
        3,
        4,
        5,
        6,
        7
      ],
      "knows_entities": [],
      "knows_escape_method": false,
      "false_beliefs": [],
      "recent_discoveries": []
    }
  },
  "entity_state": {
    "entities": [
      {
        "entity_name": "Voice from Cooler",
        "entity_type": "presence",
        "first_appeared_chunk": 1,
        "current_status": "active",
        "threat_level": "present",
        "last_action": "Called out using protagonist's own voice from walk-in cooler",
        "triggered_by": [],
        "capabilities_revealed": []
      },
      {
        "entity_name": "Monitor Entity",
        "entity_type": "presence",
        "first_appeared_chunk": 1,
        "current_status": "observing",
        "threat_level": "present",
        "last_action": "Altered security camera display to show impossible store layout",
        "triggered_by": [],
        "capabilities_revealed": []
      },
      {
        "entity_name": "Impossible Customer",
        "entity_type": "entity",
        "first_appeared_chunk": 1,
        "current_status": "active",
        "threat_level": "present",
        "last_action": "Requested cigarettes from impossible location, disappeared after being given Form 77-B",
        "triggered_by": [],
        "capabilities_revealed": []
      },
      {
        "entity_name": "Break Room Presence",
        "entity_type": "presence",
        "first_appeared_chunk": 1,
        "current_status": "active",
        "threat_level": "present",
        "last_action": "Knocked on locked break room door claiming to need keys",
        "triggered_by": [],
        "capabilities_revealed": []
      },
      {
        "entity_name": "Post-3:33 Woman",
        "entity_type": "entity",
        "first_appeared_chunk": 1,
        "current_status": "sated",
        "threat_level": "immediate",
        "last_action": "Entered after 3:33 AM, tested protagonist's rule compliance, made purchase and left",
        "triggered_by": [],
        "capabilities_revealed": []
      }
    ],
    "active_entity_count": 5,
    "total_entity_appearances": 5
  },
  "escalation_state": {
    "escalation_tier": 3,
    "escalation_events": [
      {
        "chunk": 1,
        "event": "Multiple supernatural encounters throughout first shift - voice from cooler, security camera anomaly, impossible customer requests, break room disturbance, light sequence, and post-3:33 AM entity",
        "tier_before": 1,
        "tier_after": 3
      }
    ],
    "contamination_level": 45,
    "point_of_no_return_reached": true,
    "can_still_escape_cleanly": false
  },
  "narrative_state": {
    "current_chunk": 1,
    "total_words_generated": 2215,
    "target_words_remaining": 13785,
    "act_structure": {
      "current_act": "setup",
      "act_started_chunk": 1,
      "beats_completed": [],
      "beats_remaining": [
        "introduction",
        "rule_discovery",
        "first_test",
        "escalation",
        "crisis",
        "resolution"
      ]
    },
    "scene_state": {
      "current_scene_number": 0,
      "current_scene_goal": "Establish setting and protagonist",
      "scene_tension_level": "high"
    },
    "timeline": {
      "story_start_time": null,
      "current_time": null,
      "elapsed_in_story": "0"
    }
  },
  "continuity": {
    "established_facts": [
      {
        "fact": "Jake is the new overnight clerk starting his first shift",
        "established_chunk": 1,
        "category": "character"
      },
      {
        "fact": "The gas station has been there since 1987 with old electrical systems",
        "established_chunk": 1,
        "category": "setting"
      },
      {
        "fact": "Previous clerk was fired for not following rules seriously",
        "established_chunk": 1,
        "category": "character"
      },
      {
        "fact": "Gary works the shift before Jake and has the pallor of someone who hasn't seen sunlight in years",
        "established_chunk": 1,
        "category": "character"
      },
      {
        "fact": "The store interior is larger than the exterior suggests",
        "established_chunk": 1,
        "category": "setting"
      },
      {
        "fact": "There's a persistent sweet organic smell that gets stronger over time",
        "established_chunk": 1,
        "category": "setting"
      },
      {
        "fact": "Form 77-B exists in triplicate for impossible purchase requests",
        "established_chunk": 1,
        "category": "object"
      },
      {
        "fact": "Breaking the rules leads to something worse than just being fired",
        "established_chunk": 1,
        "category": "rule"
      },
      {
        "fact": "The rules are a survival guide, not arbitrary workplace regulations",
        "established_chunk": 1,
        "category": "rule"
      }
    ],
    "named_elements": {
      "character_names": [],
      "location_names": [
        "AI_SELECT_LOCATION"
      ],
      "object_names": [],
      "entity_names": [
        "Voice from Cooler",
        "Monitor Entity",
        "Impossible Customer",
        "Break Room Presence",
        "Post-3:33 Woman"
      ]
    },
    "promises": [
      {
        "setup": "Jake realizes breaking rules leads to something 'far more permanent' than termination",
        "established_chunk": 1,
        "requires_payoff_by": null,
        "paid_off": false,
        "payoff_chunk": null
      },
      {
        "setup": "The sweet organic smell is getting stronger and seems significant",
        "established_chunk": 1,
        "requires_payoff_by": null,
        "paid_off": false,
        "payoff_chunk": null
      },
      {
        "setup": "This is only the beginning of Jake's supernatural encounters",
        "established_chunk": 1,
        "requires_payoff_by": null,
        "paid_off": false,
        "payoff_chunk": null
      }
    ]
  },
  "state_delta": {
    "chunk": 1,
    "timestamp": "2026-01-30T01:33:48.844Z",
    "changes": [
      "words: 0 -> 2215",
      "escalation: tier 1 -> 3",
      "contamination: 0% -> 45%",
      "health: healthy -> healthy",
      "location: entry_point -> behind counter at gas station",
      "awareness: unaware -> aware",
      "entity appeared: Voice from Cooler",
      "entity appeared: Monitor Entity",
      "entity appeared: Impossible Customer",
      "entity appeared: Break Room Presence",
      "entity appeared: Post-3:33 Woman",
      "fact established: Jake is the new overnight clerk starting his first...",
      "fact established: The gas station has been there since 1987 with old...",
      "fact established: Previous clerk was fired for not following rules s...",
      "fact established: Gary works the shift before Jake and has the pallo...",
      "fact established: The store interior is larger than the exterior sug...",
      "fact established: There's a persistent sweet organic smell that gets...",
      "fact established: Form 77-B exists in triplicate for impossible purc...",
      "fact established: Breaking the rules leads to something worse than j...",
      "fact established: The rules are a survival guide, not arbitrary work...",
      "promise: Jake realizes breaking rules leads to something 'f...",
      "promise: The sweet organic smell is getting stronger and se...",
      "promise: This is only the beginning of Jake's supernatural ...",
      "point of no return reached"
    ]
  }
}