{
  "version": "1.0",
  "stage": "generate",
  "session_id": "session-2026-01-30T01-27-32-54a7f32b",
  "timestamp": "2026-01-30T01:48:54.719Z",
  "chunk_number": 8,
  "generation_summary": {
    "chunk_word_count": 2540,
    "total_words_generated": 14321,
    "target_words": 16000,
    "chunks_completed": 8,
    "total_chunks": 8,
    "escalation_tier": 5,
    "rules_discovered": 7,
    "rules_violated": 1,
    "entities_active": 22
  },
  "audit_result": {
    "status": "PASS",
    "recommendation": "PROCEED",
    "critical_failures": [],
    "warnings": [],
    "checks": {
      "identity_preservation": {
        "name": "identity_preservation",
        "status": "PASS",
        "severity": "critical",
        "sub_checks": {
          "pov_consistency": {
            "status": "PASS",
            "evidence": "First-person pronouns: 139, ratio: 70.6%"
          },
          "setting_identity": {
            "status": "PASS",
            "evidence": "Atmosphere keywords found: wrong"
          }
        }
      },
      "rule_consistency": {
        "name": "rule_consistency",
        "status": "PASS",
        "severity": "critical",
        "sub_checks": {
          "no_unauthorized_rules": {
            "status": "PASS",
            "evidence": "Contract rules: 7, State rules: 7"
          },
          "violations_consequential": {
            "status": "PASS",
            "evidence": "1 rule(s) marked as violated"
          }
        }
      },
      "scope_enforcement": {
        "name": "scope_enforcement",
        "status": "PASS",
        "severity": "critical",
        "sub_checks": {
          "no_new_protagonists": {
            "status": "PASS",
            "evidence": "No POV shift detected"
          },
          "word_count_reasonable": {
            "status": "PASS",
            "evidence": "Chunk words: 2540, target: 2000 (50-150%: 1000-3000)"
          }
        }
      },
      "escalation_integrity": {
        "name": "escalation_integrity",
        "status": "PASS",
        "severity": "critical",
        "sub_checks": {
          "escalation_monotonic": {
            "status": "PASS",
            "evidence": "Tier: 5 -> 5"
          },
          "contamination_monotonic": {
            "status": "PASS",
            "evidence": "Contamination: 100% -> 100%"
          },
          "violations_monotonic": {
            "status": "PASS",
            "evidence": "Violations: 0 -> 1"
          }
        }
      },
      "state_validity": {
        "name": "state_validity",
        "status": "PASS",
        "severity": "major",
        "sub_checks": {
          "chunk_incremented": {
            "status": "PASS",
            "evidence": "Chunk: 7 -> 8"
          },
          "words_updated": {
            "status": "PASS",
            "evidence": "Words: 11781 + 2540 = 14321, state says 14321"
          }
        }
      }
    }
  },
  "next_action": "assemble",
  "errors": [],
  "warnings": []
}