{
  "total_chunks": 7,
  "target_words": 13000,
  "chunk_size": 2000,
  "chunks": [
    {
      "chunk_number": 1,
      "target_words": 2000,
      "is_first": true,
      "is_last": false,
      "act": "setup",
      "beats": [
        "arrival and orientation",
        "learning the routine"
      ],
      "rules_to_reveal": [
        2,
        7
      ],
      "key_moments": [
        {
          "chunk": 1,
          "event": "Protagonist arrives for first night shift",
          "consequence": "Overwhelming sense of institutional dread"
        }
      ],
      "escalation_target": 3,
      "goals": [
        "Establish setting",
        "Introduce protagonist",
        "Create atmosphere"
      ]
    },
    {
      "chunk_number": 2,
      "target_words": 2000,
      "is_first": false,
      "is_last": false,
      "act": "setup",
      "beats": [
        "arrival and orientation",
        "learning the routine"
      ],
      "rules_to_reveal": [
        3,
        6
      ],
      "key_moments": [
        {
          "chunk": 2,
          "event": "First glimpse of hospital gown figure",
          "consequence": "Protagonist instinctively follows rule 1 without knowing why"
        }
      ],
      "escalation_target": 3,
      "goals": [
        "Continue narrative",
        "Build tension",
        "Progress escalation"
      ]
    },
    {
      "chunk_number": 3,
      "target_words": 2000,
      "is_first": false,
      "is_last": false,
      "act": "confrontation",
      "beats": [
        "rule violations begin",
        "supernatural escalation"
      ],
      "rules_to_reveal": [
        5,
        1
      ],
      "key_moments": [
        {
          "chunk": 3,
          "event": "Elevator stops on 4th floor",
          "consequence": "Protagonist experiences temporal distortion"
        }
      ],
      "escalation_target": 7,
      "goals": [
        "Continue narrative",
        "Build tension",
        "Progress escalation"
      ]
    },
    {
      "chunk_number": 4,
      "target_words": 2000,
      "is_first": false,
      "is_last": false,
      "act": "confrontation",
      "beats": [
        "rule violations begin",
        "supernatural escalation"
      ],
      "rules_to_reveal": [
        4
      ],
      "key_moments": [
        {
          "chunk": 4,
          "event": "Accidentally reads red-dot file",
          "consequence": "Protagonist sees their own patient record from childhood"
        }
      ],
      "escalation_target": 7,
      "goals": [
        "Continue narrative",
        "Build tension",
        "Progress escalation"
      ]
    },
    {
      "chunk_number": 5,
      "target_words": 2000,
      "is_first": false,
      "is_last": false,
      "act": "confrontation",
      "beats": [
        "rule violations begin",
        "supernatural escalation"
      ],
      "rules_to_reveal": [],
      "key_moments": [
        {
          "chunk": 5,
          "event": "Room 237 found open",
          "consequence": "Protagonist glimpses the source of the hospital's corruption"
        }
      ],
      "escalation_target": 7,
      "goals": [
        "Continue narrative",
        "Build tension",
        "Progress escalation"
      ]
    },
    {
      "chunk_number": 6,
      "target_words": 2000,
      "is_first": false,
      "is_last": false,
      "act": "crisis",
      "beats": [
        "multiple rule failures",
        "truth revelation"
      ],
      "rules_to_reveal": [],
      "key_moments": [
        {
          "chunk": 6,
          "event": "Protagonist completes work early, can't find supervisor",
          "consequence": "Trapped alone with increasing supernatural activity"
        }
      ],
      "escalation_target": 9,
      "goals": [
        "Continue narrative",
        "Build tension",
        "Progress escalation"
      ]
    },
    {
      "chunk_number": 7,
      "target_words": 1000,
      "is_first": false,
      "is_last": true,
      "act": "resolution",
      "beats": [
        "final confrontation",
        "escape attempt"
      ],
      "rules_to_reveal": [],
      "key_moments": [
        {
          "chunk": 7,
          "event": "Final rule violation to escape",
          "consequence": "Protagonist escapes but loses memories of their suppressed trauma, doomed to repeat the cycle"
        }
      ],
      "escalation_target": 1,
      "goals": [
        "Resolve conflict",
        "Deliver ending",
        "Ensure permanence"
      ]
    }
  ]
}