{
  "version": "1.0",
  "stage": "generate",
  "session_id": "session-2026-01-29T23-31-50-0f430f7b",
  "timestamp": "2026-01-29T23:34:52.568Z",
  "chunk_number": 1,
  "generation_summary": {
    "chunk_word_count": 1828,
    "total_words_generated": 1828,
    "target_words": 13000,
    "chunks_completed": 1,
    "total_chunks": 7,
    "escalation_tier": 2,
    "rules_discovered": 7,
    "rules_violated": 1,
    "entities_active": 1
  },
  "audit_result": {
    "status": "FAIL",
    "recommendation": "STOP",
    "critical_failures": [
      {
        "check": "scope_enforcement",
        "reason": "Story appears to end prematurely"
      }
    ],
    "warnings": [],
    "checks": {
      "identity_preservation": {
        "name": "identity_preservation",
        "status": "PASS",
        "severity": "critical",
        "sub_checks": {
          "pov_consistency": {
            "status": "PASS",
            "evidence": "First-person pronouns: 68, ratio: 71.6%"
          },
          "setting_identity": {
            "status": "PASS",
            "evidence": "Atmosphere keywords found: wrong"
          }
        }
      },
      "rule_consistency": {
        "name": "rule_consistency",
        "status": "PASS",
        "severity": "critical",
        "sub_checks": {
          "no_unauthorized_rules": {
            "status": "PASS",
            "evidence": "Contract rules: 7, State rules: 7"
          },
          "violations_consequential": {
            "status": "PASS",
            "evidence": "1 rule(s) marked as violated"
          }
        }
      },
      "scope_enforcement": {
        "name": "scope_enforcement",
        "status": "FAIL",
        "severity": "critical",
        "sub_checks": {
          "no_new_protagonists": {
            "status": "PASS",
            "evidence": "No POV shift detected"
          },
          "not_premature_end": {
            "status": "FAIL",
            "evidence": "Ending language detected in non-final chunk"
          },
          "word_count_reasonable": {
            "status": "PASS",
            "evidence": "Chunk words: 1828, target: 2000 (50-150%: 1000-3000)"
          }
        },
        "failure_reason": "Story appears to end prematurely"
      },
      "escalation_integrity": {
        "name": "escalation_integrity",
        "status": "PASS",
        "severity": "critical",
        "sub_checks": {
          "escalation_monotonic": {
            "status": "PASS",
            "evidence": "Tier: 1 -> 2"
          },
          "contamination_monotonic": {
            "status": "PASS",
            "evidence": "Contamination: 0% -> 25%"
          },
          "violations_monotonic": {
            "status": "PASS",
            "evidence": "Violations: 0 -> 1"
          }
        }
      },
      "state_validity": {
        "name": "state_validity",
        "status": "PASS",
        "severity": "major",
        "sub_checks": {
          "chunk_incremented": {
            "status": "PASS",
            "evidence": "Chunk: 0 -> 1"
          },
          "words_updated": {
            "status": "PASS",
            "evidence": "Words: 0 + 1828 = 1828, state says 1828"
          }
        }
      }
    }
  },
  "next_action": "stop",
  "errors": [],
  "warnings": []
}