{
  "version": "1.0",
  "session_id": "session-2026-01-29T23-31-50-0f430f7b",
  "last_updated": "2026-01-29T23:34:52.564Z",
  "chunk_number": 1,
  "immutable_facts": {
    "setting_location": "AI_SELECT_LOCATION",
    "protagonist_name": null,
    "protagonist_role": "Someone who has arrived at this place",
    "pov_type": "first_person",
    "tense": "past",
    "total_rule_count": 7,
    "ending_type": "true_exit_with_cost",
    "primary_theme": "AI_SELECT_THEME"
  },
  "rule_state": {
    "rules": [
      {
        "rule_number": 1,
        "rule_text": "Never acknowledge the presence of anyone wearing a hospital gown in the facility after 2:00 AM",
        "status": "discovered",
        "discovered_in_chunk": 0,
        "violated_in_chunk": null,
        "violation_count": 0,
        "consequence_applied": false,
        "consequence_description": null
      },
      {
        "rule_number": 2,
        "rule_text": "All patient files must be returned to Filing Cabinet B before your shift ends, regardless of completion status",
        "status": "discovered",
        "discovered_in_chunk": 0,
        "violated_in_chunk": null,
        "violation_count": 0,
        "consequence_applied": false,
        "consequence_description": null
      },
      {
        "rule_number": 3,
        "rule_text": "If you hear your name called over the intercom, count to thirty before responding",
        "status": "discovered",
        "discovered_in_chunk": 0,
        "violated_in_chunk": null,
        "violation_count": 0,
        "consequence_applied": false,
        "consequence_description": null
      },
      {
        "rule_number": 4,
        "rule_text": "Do not read the contents of any file marked with a red dot in the upper right corner",
        "status": "violated",
        "discovered_in_chunk": 0,
        "violated_in_chunk": 1,
        "violation_count": 1,
        "consequence_applied": false,
        "consequence_description": null
      },
      {
        "rule_number": 5,
        "rule_text": "If the elevator stops on the 4th floor without being called, exit immediately and take the stairs",
        "status": "discovered",
        "discovered_in_chunk": 0,
        "violated_in_chunk": null,
        "violation_count": 0,
        "consequence_applied": false,
        "consequence_description": null
      },
      {
        "rule_number": 6,
        "rule_text": "Room 237 must remain locked at all times - if you find it open, close it without looking inside",
        "status": "discovered",
        "discovered_in_chunk": 0,
        "violated_in_chunk": null,
        "violation_count": 0,
        "consequence_applied": false,
        "consequence_description": null
      },
      {
        "rule_number": 7,
        "rule_text": "If you complete all your assigned files before 4:00 AM, immediately request additional work from the night supervisor",
        "status": "discovered",
        "discovered_in_chunk": 0,
        "violated_in_chunk": null,
        "violation_count": 0,
        "consequence_applied": false,
        "consequence_description": null
      }
    ],
    "rules_discovered": 7,
    "rules_violated": 1,
    "rules_remaining_unknown": 0
  },
  "protagonist_state": {
    "physical_condition": {
      "health": "healthy",
      "injuries": [],
      "location_in_setting": "filing room, third floor",
      "possessions": [],
      "lost_possessions": []
    },
    "mental_condition": {
      "awareness": "aware",
      "sanity": "stable",
      "primary_emotion": "neutral",
      "motivations": [
        "Understanding what is happening"
      ]
    },
    "knowledge": {
      "knows_rules": [
        1,
        2,
        3,
        4,
        5,
        6,
        7
      ],
      "knows_entities": [],
      "knows_escape_method": false,
      "false_beliefs": [],
      "recent_discoveries": []
    }
  },
  "entity_state": {
    "entities": [
      {
        "entity_name": "Hospital Gown Entity",
        "entity_type": "presence",
        "first_appeared_chunk": 1,
        "current_status": "observing",
        "threat_level": "present",
        "last_action": "stood in doorway watching protagonist, breathing laboriously",
        "triggered_by": [],
        "capabilities_revealed": []
      }
    ],
    "active_entity_count": 1,
    "total_entity_appearances": 1
  },
  "escalation_state": {
    "escalation_tier": 2,
    "escalation_events": [
      {
        "chunk": 1,
        "event": "First entity encounter - presence in hospital gown observes protagonist after 2:00 AM",
        "tier_before": 1,
        "tier_after": 2
      }
    ],
    "contamination_level": 25,
    "point_of_no_return_reached": false,
    "can_still_escape_cleanly": true
  },
  "narrative_state": {
    "current_chunk": 1,
    "total_words_generated": 1828,
    "target_words_remaining": 11172,
    "act_structure": {
      "current_act": "setup",
      "act_started_chunk": 1,
      "beats_completed": [],
      "beats_remaining": [
        "introduction",
        "rule_discovery",
        "first_test",
        "escalation",
        "crisis",
        "resolution"
      ]
    },
    "scene_state": {
      "current_scene_number": 0,
      "current_scene_goal": "Establish setting and protagonist",
      "scene_tension_level": "building"
    },
    "timeline": {
      "story_start_time": null,
      "current_time": null,
      "elapsed_in_story": "0"
    }
  },
  "continuity": {
    "established_facts": [
      {
        "fact": "Millbrook Psychiatric Research Facility opened in 1963",
        "established_chunk": 1,
        "category": "setting"
      },
      {
        "fact": "Night shift has specific protocols for safety",
        "established_chunk": 1,
        "category": "rule"
      },
      {
        "fact": "Files marked with red dots contain disturbing patient cases",
        "established_chunk": 1,
        "category": "object"
      },
      {
        "fact": "Sarah Hendricks saw 'others' in hospital gowns during night hours in 1971",
        "established_chunk": 1,
        "category": "entity"
      },
      {
        "fact": "Building becomes more active with sounds and presences after 2:00 AM",
        "established_chunk": 1,
        "category": "setting"
      },
      {
        "fact": "Filing Cabinet B is where all files must be returned",
        "established_chunk": 1,
        "category": "object"
      },
      {
        "fact": "Mrs. Chen is the night supervisor",
        "established_chunk": 1,
        "category": "character"
      },
      {
        "fact": "Employees who don't follow protocols rarely last past first week",
        "established_chunk": 1,
        "category": "rule"
      }
    ],
    "named_elements": {
      "character_names": [],
      "location_names": [
        "AI_SELECT_LOCATION"
      ],
      "object_names": [],
      "entity_names": [
        "Hospital Gown Entity"
      ]
    },
    "promises": [
      {
        "setup": "Elevator stopping on 4th floor without being called",
        "established_chunk": 1,
        "requires_payoff_by": null,
        "paid_off": false,
        "payoff_chunk": null
      },
      {
        "setup": "Room 237 being found open",
        "established_chunk": 1,
        "requires_payoff_by": null,
        "paid_off": false,
        "payoff_chunk": null
      },
      {
        "setup": "Name being called over intercom",
        "established_chunk": 1,
        "requires_payoff_by": null,
        "paid_off": false,
        "payoff_chunk": null
      },
      {
        "setup": "Completing files before 4:00 AM",
        "established_chunk": 1,
        "requires_payoff_by": null,
        "paid_off": false,
        "payoff_chunk": null
      },
      {
        "setup": "Sarah Hendricks case and experimental treatment C-7",
        "established_chunk": 1,
        "requires_payoff_by": null,
        "paid_off": false,
        "payoff_chunk": null
      }
    ]
  },
  "state_delta": {
    "chunk": 1,
    "timestamp": "2026-01-29T23:34:52.564Z",
    "changes": [
      "words: 0 -> 1828",
      "rule 4 violated (count: 1)",
      "escalation: tier 1 -> 2",
      "contamination: 0% -> 25%",
      "health: healthy -> healthy",
      "location: entry_point -> filing room, third floor",
      "awareness: unaware -> aware",
      "entity appeared: Hospital Gown Entity",
      "fact established: Millbrook Psychiatric Research Facility opened in ...",
      "fact established: Night shift has specific protocols for safety...",
      "fact established: Files marked with red dots contain disturbing pati...",
      "fact established: Sarah Hendricks saw 'others' in hospital gowns dur...",
      "fact established: Building becomes more active with sounds and prese...",
      "fact established: Filing Cabinet B is where all files must be return...",
      "fact established: Mrs. Chen is the night supervisor...",
      "fact established: Employees who don't follow protocols rarely last p...",
      "promise: Elevator stopping on 4th floor without being calle...",
      "promise: Room 237 being found open...",
      "promise: Name being called over intercom...",
      "promise: Completing files before 4:00 AM...",
      "promise: Sarah Hendricks case and experimental treatment C-..."
    ]
  }
}