{
  "total_chunks": 8,
  "target_words": 16000,
  "chunk_size": 2000,
  "chunks": [
    {
      "chunk_number": 1,
      "target_words": 2000,
      "is_first": true,
      "is_last": false,
      "act": "setup",
      "beats": [
        "arrival and orientation",
        "first shift begins"
      ],
      "rules_to_reveal": [
        1
      ],
      "key_moments": [],
      "escalation_target": 3,
      "goals": [
        "Establish setting",
        "Introduce protagonist",
        "Create atmosphere"
      ]
    },
    {
      "chunk_number": 2,
      "target_words": 2000,
      "is_first": false,
      "is_last": false,
      "act": "setup",
      "beats": [
        "arrival and orientation",
        "first shift begins"
      ],
      "rules_to_reveal": [
        3,
        6
      ],
      "key_moments": [
        {
          "chunk": 2,
          "event": "First rule followed successfully",
          "consequence": "Lights stop flickering, sense of accomplishment"
        }
      ],
      "escalation_target": 3,
      "goals": [
        "Continue narrative",
        "Build tension",
        "Progress escalation"
      ]
    },
    {
      "chunk_number": 3,
      "target_words": 2000,
      "is_first": false,
      "is_last": false,
      "act": "confrontation",
      "beats": [
        "midnight transition",
        "rule violations begin"
      ],
      "rules_to_reveal": [
        7,
        2
      ],
      "key_moments": [
        {
          "chunk": 3,
          "event": "Rule 7 nearly violated",
          "consequence": "Something pounds on break room door from inside"
        }
      ],
      "escalation_target": 6,
      "goals": [
        "Continue narrative",
        "Build tension",
        "Progress escalation"
      ]
    },
    {
      "chunk_number": 4,
      "target_words": 2000,
      "is_first": false,
      "is_last": false,
      "act": "confrontation",
      "beats": [
        "midnight transition",
        "rule violations begin"
      ],
      "rules_to_reveal": [
        4
      ],
      "key_moments": [
        {
          "chunk": 4,
          "event": "Rule 4 accidentally broken",
          "consequence": "Protagonist enters cooler, finds previous employee's belongings"
        }
      ],
      "escalation_target": 6,
      "goals": [
        "Continue narrative",
        "Build tension",
        "Progress escalation"
      ]
    },
    {
      "chunk_number": 5,
      "target_words": 2000,
      "is_first": false,
      "is_last": false,
      "act": "confrontation",
      "beats": [
        "midnight transition",
        "rule violations begin"
      ],
      "rules_to_reveal": [
        5
      ],
      "key_moments": [
        {
          "chunk": 5,
          "event": "Rule 2 violation",
          "consequence": "Store layout permanently shifts, protagonist lost in familiar space"
        }
      ],
      "escalation_target": 6,
      "goals": [
        "Continue narrative",
        "Build tension",
        "Progress escalation"
      ]
    },
    {
      "chunk_number": 6,
      "target_words": 2000,
      "is_first": false,
      "is_last": false,
      "act": "crisis",
      "beats": [
        "multiple simultaneous rule breaks",
        "store reality completely unstable"
      ],
      "rules_to_reveal": [],
      "key_moments": [
        {
          "chunk": 6,
          "event": "Rule 1 broken under pressure",
          "consequence": "Late-night patron reveals corporate monitoring system"
        }
      ],
      "escalation_target": 9,
      "goals": [
        "Continue narrative",
        "Build tension",
        "Progress escalation"
      ]
    },
    {
      "chunk_number": 7,
      "target_words": 2000,
      "is_first": false,
      "is_last": false,
      "act": "crisis",
      "beats": [
        "multiple simultaneous rule breaks",
        "store reality completely unstable"
      ],
      "rules_to_reveal": [],
      "key_moments": [
        {
          "chunk": 7,
          "event": "Multiple rules break simultaneously",
          "consequence": "Store becomes maze-like, reality completely unstable"
        }
      ],
      "escalation_target": 9,
      "goals": [
        "Continue narrative",
        "Build tension",
        "Progress escalation"
      ]
    },
    {
      "chunk_number": 8,
      "target_words": 2000,
      "is_first": false,
      "is_last": true,
      "act": "resolution",
      "beats": [
        "final rule confrontation",
        "choice between compliance and escape"
      ],
      "rules_to_reveal": [],
      "key_moments": [
        {
          "chunk": 8,
          "event": "Final choice",
          "consequence": "Protagonist must choose between eternal compliance or uncertain escape through shifting exit"
        }
      ],
      "escalation_target": 8,
      "goals": [
        "Resolve conflict",
        "Deliver ending",
        "Ensure permanence"
      ]
    }
  ]
}