{
  "location": "24-hour convenience store",
  "theme": "corporate_horror",
  "acts": [
    {
      "name": "setup",
      "chunks": [
        1,
        2
      ],
      "beats": [
        "arrival and orientation",
        "first shift begins",
        "initial rule introduction",
        "strange customer encounters"
      ],
      "escalation_range": [
        1,
        3
      ]
    },
    {
      "name": "confrontation",
      "chunks": [
        3,
        4,
        5
      ],
      "beats": [
        "midnight transition",
        "rule violations begin",
        "reality distortions increase",
        "corporate oversight intensifies"
      ],
      "escalation_range": [
        3,
        6
      ]
    },
    {
      "name": "crisis",
      "chunks": [
        6,
        7
      ],
      "beats": [
        "multiple simultaneous rule breaks",
        "store reality completely unstable",
        "protagonist questions everything",
        "corporate entities manifest"
      ],
      "escalation_range": [
        7,
        9
      ]
    },
    {
      "name": "resolution",
      "chunks": [
        8
      ],
      "beats": [
        "final rule confrontation",
        "choice between compliance and escape",
        "ambiguous exit",
        "uncertain freedom"
      ],
      "escalation_range": [
        6,
        8
      ]
    }
  ],
  "rule_reveals": [
    {
      "rule_number": 1,
      "chunk": 1,
      "method": "told by departing employee during handoff"
    },
    {
      "rule_number": 3,
      "chunk": 2,
      "method": "discovered when first midnight customer arrives"
    },
    {
      "rule_number": 6,
      "chunk": 2,
      "method": "experienced firsthand when lights begin flickering"
    },
    {
      "rule_number": 7,
      "chunk": 3,
      "method": "written note left by previous employee"
    },
    {
      "rule_number": 2,
      "chunk": 3,
      "method": "discovered when security monitors show impossible store layout"
    },
    {
      "rule_number": 4,
      "chunk": 4,
      "method": "nearly violated when protagonist hears voice from cooler"
    },
    {
      "rule_number": 5,
      "chunk": 5,
      "method": "customer demands items not on shelves, protagonist finds form"
    }
  ],
  "key_moments": [
    {
      "chunk": 2,
      "event": "First rule followed successfully",
      "consequence": "Lights stop flickering, sense of accomplishment"
    },
    {
      "chunk": 3,
      "event": "Rule 7 nearly violated",
      "consequence": "Something pounds on break room door from inside"
    },
    {
      "chunk": 4,
      "event": "Rule 4 accidentally broken",
      "consequence": "Protagonist enters cooler, finds previous employee's belongings"
    },
    {
      "chunk": 5,
      "event": "Rule 2 violation",
      "consequence": "Store layout permanently shifts, protagonist lost in familiar space"
    },
    {
      "chunk": 6,
      "event": "Rule 1 broken under pressure",
      "consequence": "Late-night patron reveals corporate monitoring system"
    },
    {
      "chunk": 7,
      "event": "Multiple rules break simultaneously",
      "consequence": "Store becomes maze-like, reality completely unstable"
    },
    {
      "chunk": 8,
      "event": "Final choice",
      "consequence": "Protagonist must choose between eternal compliance or uncertain escape through shifting exit"
    }
  ],
  "escalation_progression": {
    "1-2": "Mild unease, rules seem quirky but manageable",
    "3-4": "Genuine fear, rules have real consequences",
    "5-6": "Paranoia sets in, store reality becomes questionable",
    "7-8": "Terror and confusion, protagonist's sanity questioned",
    "9-10": "Complete breakdown of reality, cosmic horror elements"
  },
  "corporate_horror_elements": {
    "surveillance": "Security cameras that show impossible things",
    "bureaucracy": "Form 77-B leads to more forms, endless paperwork",
    "compliance": "Rules become more numerous and contradictory over time",
    "disposability": "Evidence of many previous employees who 'quit'",
    "dehumanization": "Protagonist becomes just another cog in inhuman system"
  }
}