{
  "version": "1.0",
  "session_id": "session-2026-01-29T18-37-14-e799c787",
  "last_updated": "2026-01-29T19:53:50.595Z",
  "chunk_number": 2,
  "immutable_facts": {
    "setting_location": "AI_SELECT_LOCATION",
    "protagonist_name": null,
    "protagonist_role": "Someone who has arrived at this place",
    "pov_type": "first_person",
    "tense": "past",
    "total_rule_count": 7,
    "ending_type": "true_exit_with_cost",
    "primary_theme": "AI_SELECT_THEME"
  },
  "rule_state": {
    "rules": [
      {
        "rule_number": 1,
        "rule_text": "Never look directly at them after midnight",
        "status": "discovered",
        "discovered_in_chunk": 0,
        "violated_in_chunk": null,
        "violation_count": 0,
        "consequence_applied": false,
        "consequence_description": null
      },
      {
        "rule_number": 2,
        "rule_text": "Always acknowledge them when entering a room",
        "status": "discovered",
        "discovered_in_chunk": 0,
        "violated_in_chunk": null,
        "violation_count": 0,
        "consequence_applied": false,
        "consequence_description": null
      },
      {
        "rule_number": 3,
        "rule_text": "If you hear scratching, remain completely still",
        "status": "discovered",
        "discovered_in_chunk": 0,
        "violated_in_chunk": null,
        "violation_count": 0,
        "consequence_applied": false,
        "consequence_description": null
      },
      {
        "rule_number": 4,
        "rule_text": "Never cross the the marked line after sunset",
        "status": "discovered",
        "discovered_in_chunk": 0,
        "violated_in_chunk": null,
        "violation_count": 0,
        "consequence_applied": false,
        "consequence_description": null
      },
      {
        "rule_number": 5,
        "rule_text": "Complete the first ritual before the second ritual",
        "status": "discovered",
        "discovered_in_chunk": 0,
        "violated_in_chunk": null,
        "violation_count": 0,
        "consequence_applied": false,
        "consequence_description": null
      },
      {
        "rule_number": 6,
        "rule_text": "Count to 7 whenever the lights flicker occurs",
        "status": "discovered",
        "discovered_in_chunk": 0,
        "violated_in_chunk": null,
        "violation_count": 0,
        "consequence_applied": false,
        "consequence_description": null
      },
      {
        "rule_number": 7,
        "rule_text": "Never speak their name aloud within these walls",
        "status": "unknown",
        "discovered_in_chunk": null,
        "violated_in_chunk": null,
        "violation_count": 0,
        "consequence_applied": false,
        "consequence_description": null
      }
    ],
    "rules_discovered": 6,
    "rules_violated": 0,
    "rules_remaining_unknown": 1
  },
  "protagonist_state": {
    "physical_condition": {
      "health": "injured",
      "injuries": [
        "self-inflicted cut on index finger"
      ],
      "location_in_setting": "cottage front deck at corner",
      "possessions": [],
      "lost_possessions": []
    },
    "mental_condition": {
      "awareness": "compliant",
      "sanity": "stable",
      "primary_emotion": "neutral",
      "motivations": [
        "Understanding what is happening"
      ]
    },
    "knowledge": {
      "knows_rules": [
        1,
        2,
        3,
        4,
        5,
        6
      ],
      "knows_entities": [],
      "knows_escape_method": false,
      "false_beliefs": [],
      "recent_discoveries": []
    }
  },
  "entity_state": {
    "entities": [
      {
        "entity_name": "pale shape",
        "entity_type": "presence",
        "first_appeared_chunk": 1,
        "current_status": "observing",
        "threat_level": "present",
        "last_action": "moved through cottage interior, observed protagonist through window",
        "triggered_by": [],
        "capabilities_revealed": []
      },
      {
        "entity_name": "wall scratchers",
        "entity_type": "presence",
        "first_appeared_chunk": 1,
        "current_status": "active",
        "threat_level": "immediate",
        "last_action": "scratching inside walls, testing protagonist's compliance with rules",
        "triggered_by": [],
        "capabilities_revealed": []
      },
      {
        "entity_name": "the entities",
        "entity_type": "presence",
        "first_appeared_chunk": 2,
        "current_status": "observing",
        "threat_level": "present",
        "last_action": "responded with satisfaction to acknowledgment ritual",
        "triggered_by": [],
        "capabilities_revealed": []
      }
    ],
    "active_entity_count": 3,
    "total_entity_appearances": 3
  },
  "escalation_state": {
    "escalation_tier": 3,
    "escalation_events": [
      {
        "chunk": 1,
        "event": "Entities begin manifesting - door slams shut, lights flicker in pattern, pale shape moves through cottage, scratching begins in walls",
        "tier_before": 1,
        "tier_after": 2
      },
      {
        "chunk": 2,
        "event": "Protagonist begins performing the blood ritual at sunset, crossing from passive observation to active participation in the supernatural system",
        "tier_before": 2,
        "tier_after": 3
      }
    ],
    "contamination_level": 45,
    "point_of_no_return_reached": true,
    "can_still_escape_cleanly": false
  },
  "narrative_state": {
    "current_chunk": 2,
    "total_words_generated": 3457,
    "target_words_remaining": 13543,
    "act_structure": {
      "current_act": "setup",
      "act_started_chunk": 1,
      "beats_completed": [],
      "beats_remaining": [
        "introduction",
        "rule_discovery",
        "first_test",
        "escalation",
        "crisis",
        "resolution"
      ]
    },
    "scene_state": {
      "current_scene_number": 0,
      "current_scene_goal": "Establish setting and protagonist",
      "scene_tension_level": "high"
    },
    "timeline": {
      "story_start_time": null,
      "current_time": null,
      "elapsed_in_story": "0"
    }
  },
  "continuity": {
    "established_facts": [
      {
        "fact": "Great-uncle Silas died 3 months ago, found at base of lighthouse",
        "established_chunk": 1,
        "category": "timeline"
      },
      {
        "fact": "Cottage extends back into cliff face in maze-like structure",
        "established_chunk": 1,
        "category": "setting"
      },
      {
        "fact": "Silas documented entity encounters for years in detailed notes",
        "established_chunk": 1,
        "category": "character"
      },
      {
        "fact": "Entities become more active at night, sleep during day",
        "established_chunk": 1,
        "category": "entity"
      },
      {
        "fact": "Marked line carved into deck, stained dark from repeated use",
        "established_chunk": 1,
        "category": "object"
      },
      {
        "fact": "Cottage has thick, viscous air with sweet-sick floral smell",
        "established_chunk": 1,
        "category": "setting"
      },
      {
        "fact": "Protagonist has no other options - lease expired, job gone",
        "established_chunk": 1,
        "category": "character"
      },
      {
        "fact": "The marked line is carved into deck planks and stained with years of blood",
        "established_chunk": 2,
        "category": "setting"
      },
      {
        "fact": "First ritual requires walking cottage perimeter three times clockwise at sunset, placing blood drops at each corner",
        "established_chunk": 2,
        "category": "rule"
      },
      {
        "fact": "Second ritual is for emergencies only and requires material sacrifices to the lighthouse beam",
        "established_chunk": 2,
        "category": "rule"
      },
      {
        "fact": "Human bones were found on rocks below lighthouse, skull cracked as if something tried to get inside",
        "established_chunk": 2,
        "category": "setting"
      },
      {
        "fact": "Lighthouse beam swept protagonist's window 17 times in one night, showing extra shadow beside his own",
        "established_chunk": 2,
        "category": "entity"
      },
      {
        "fact": "Entities respond to consistency and have expectations that must be met",
        "established_chunk": 2,
        "category": "entity"
      }
    ],
    "named_elements": {
      "character_names": [],
      "location_names": [
        "AI_SELECT_LOCATION"
      ],
      "object_names": [],
      "entity_names": [
        "pale shape",
        "wall scratchers",
        "the entities"
      ]
    },
    "promises": [
      {
        "setup": "Protagonist must survive the night following uncle's rules",
        "established_chunk": 1,
        "requires_payoff_by": null,
        "paid_off": false,
        "payoff_chunk": null
      },
      {
        "setup": "The second ritual is more complex and may be needed if rules are broken",
        "established_chunk": 1,
        "requires_payoff_by": null,
        "paid_off": false,
        "payoff_chunk": null
      },
      {
        "setup": "Something happens to things that cross the marked line after sunset",
        "established_chunk": 1,
        "requires_payoff_by": null,
        "paid_off": false,
        "payoff_chunk": null
      },
      {
        "setup": "Scratching usually starts around 2 AM and can last until dawn",
        "established_chunk": 1,
        "requires_payoff_by": null,
        "paid_off": false,
        "payoff_chunk": null
      },
      {
        "setup": "Protagonist has begun the blood ritual but hasn't completed it - must finish the perimeter walk and remaining corners",
        "established_chunk": 2,
        "requires_payoff_by": null,
        "paid_off": false,
        "payoff_chunk": null
      },
      {
        "setup": "Second ritual details established but not yet needed - emergency protocol involving material sacrifices",
        "established_chunk": 2,
        "requires_payoff_by": null,
        "paid_off": false,
        "payoff_chunk": null
      }
    ]
  },
  "state_delta": {
    "chunk": 2,
    "timestamp": "2026-01-29T19:53:50.596Z",
    "changes": [
      "words: 1751 -> 3457",
      "escalation: tier 2 -> 3",
      "contamination: 25% -> 45%",
      "health: healthy -> injured",
      "location: lighthouse keeper's cottage kitchen -> cottage front deck at corner",
      "awareness: terrified -> compliant",
      "injury: self-inflicted cut on index finger",
      "entity appeared: the entities",
      "fact established: The marked line is carved into deck planks and sta...",
      "fact established: First ritual requires walking cottage perimeter th...",
      "fact established: Second ritual is for emergencies only and requires...",
      "fact established: Human bones were found on rocks below lighthouse, ...",
      "fact established: Lighthouse beam swept protagonist's window 17 time...",
      "fact established: Entities respond to consistency and have expectati...",
      "promise: Protagonist has begun the blood ritual but hasn't ...",
      "promise: Second ritual details established but not yet need...",
      "point of no return reached"
    ]
  }
}