{
  "acts": [
    {
      "name": "setup",
      "chunks": [
        1,
        2
      ],
      "beats": [
        "arrival",
        "orientation",
        "first rule"
      ],
      "escalation_range": [
        1,
        1
      ]
    },
    {
      "name": "confrontation",
      "chunks": [
        3,
        4,
        5,
        6
      ],
      "beats": [
        "more rules",
        "first test",
        "violation",
        "consequence"
      ],
      "escalation_range": [
        2,
        3
      ]
    },
    {
      "name": "crisis",
      "chunks": [
        7,
        8
      ],
      "beats": [
        "point of no return",
        "desperate action"
      ],
      "escalation_range": [
        3,
        4
      ]
    },
    {
      "name": "resolution",
      "chunks": [
        9,
        10
      ],
      "beats": [
        "climax",
        "ending"
      ],
      "escalation_range": [
        4,
        5
      ]
    }
  ],
  "rule_reveals": [
    {
      "rule_number": 1,
      "chunk": 1,
      "method": "revealed early"
    },
    {
      "rule_number": 2,
      "chunk": 1,
      "method": "revealed early"
    },
    {
      "rule_number": 3,
      "chunk": 2,
      "method": "revealed early"
    },
    {
      "rule_number": 4,
      "chunk": 2,
      "method": "revealed early"
    },
    {
      "rule_number": 5,
      "chunk": 3,
      "method": "revealed early"
    },
    {
      "rule_number": 6,
      "chunk": 3,
      "method": "revealed early"
    },
    {
      "rule_number": 7,
      "chunk": 4,
      "method": "discovered through consequence"
    }
  ],
  "key_moments": []
}