{
  "total_chunks": 9,
  "target_words": 17000,
  "chunk_size": 2000,
  "chunks": [
    {
      "chunk_number": 1,
      "target_words": 2000,
      "is_first": true,
      "is_last": false,
      "act": "setup",
      "beats": [
        "arrival",
        "orientation"
      ],
      "rules_to_reveal": [
        1,
        2
      ],
      "key_moments": [],
      "escalation_target": 1,
      "goals": [
        "Establish setting",
        "Introduce protagonist",
        "Create atmosphere"
      ]
    },
    {
      "chunk_number": 2,
      "target_words": 2000,
      "is_first": false,
      "is_last": false,
      "act": "setup",
      "beats": [
        "arrival",
        "orientation"
      ],
      "rules_to_reveal": [
        3,
        4
      ],
      "key_moments": [],
      "escalation_target": 1,
      "goals": [
        "Continue narrative",
        "Build tension",
        "Progress escalation"
      ]
    },
    {
      "chunk_number": 3,
      "target_words": 2000,
      "is_first": false,
      "is_last": false,
      "act": "confrontation",
      "beats": [
        "more rules",
        "first test"
      ],
      "rules_to_reveal": [
        5,
        6
      ],
      "key_moments": [],
      "escalation_target": 3,
      "goals": [
        "Continue narrative",
        "Build tension",
        "Progress escalation"
      ]
    },
    {
      "chunk_number": 4,
      "target_words": 2000,
      "is_first": false,
      "is_last": false,
      "act": "confrontation",
      "beats": [
        "more rules",
        "first test"
      ],
      "rules_to_reveal": [
        7
      ],
      "key_moments": [],
      "escalation_target": 3,
      "goals": [
        "Continue narrative",
        "Build tension",
        "Progress escalation"
      ]
    },
    {
      "chunk_number": 5,
      "target_words": 2000,
      "is_first": false,
      "is_last": false,
      "act": "confrontation",
      "beats": [
        "more rules",
        "first test"
      ],
      "rules_to_reveal": [],
      "key_moments": [],
      "escalation_target": 3,
      "goals": [
        "Continue narrative",
        "Build tension",
        "Progress escalation"
      ]
    },
    {
      "chunk_number": 6,
      "target_words": 2000,
      "is_first": false,
      "is_last": false,
      "act": "confrontation",
      "beats": [
        "more rules",
        "first test"
      ],
      "rules_to_reveal": [],
      "key_moments": [],
      "escalation_target": 3,
      "goals": [
        "Continue narrative",
        "Build tension",
        "Progress escalation"
      ]
    },
    {
      "chunk_number": 7,
      "target_words": 2000,
      "is_first": false,
      "is_last": false,
      "act": "crisis",
      "beats": [
        "point of no return",
        "desperate action"
      ],
      "rules_to_reveal": [],
      "key_moments": [],
      "escalation_target": 4,
      "goals": [
        "Continue narrative",
        "Build tension",
        "Progress escalation"
      ]
    },
    {
      "chunk_number": 8,
      "target_words": 2000,
      "is_first": false,
      "is_last": false,
      "act": "crisis",
      "beats": [
        "point of no return",
        "desperate action"
      ],
      "rules_to_reveal": [],
      "key_moments": [],
      "escalation_target": 4,
      "goals": [
        "Continue narrative",
        "Build tension",
        "Progress escalation"
      ]
    },
    {
      "chunk_number": 9,
      "target_words": 1000,
      "is_first": false,
      "is_last": true,
      "act": "resolution",
      "beats": [
        "climax",
        "ending"
      ],
      "rules_to_reveal": [],
      "key_moments": [],
      "escalation_target": 5,
      "goals": [
        "Resolve conflict",
        "Deliver ending",
        "Ensure permanence"
      ]
    }
  ]
}