{
  "version": "1.0",
  "session_id": "session-2026-01-29T18-37-14-e799c787",
  "last_updated": "2026-01-29T19:52:11.819Z",
  "chunk_number": 1,
  "immutable_facts": {
    "setting_location": "AI_SELECT_LOCATION",
    "protagonist_name": null,
    "protagonist_role": "Someone who has arrived at this place",
    "pov_type": "first_person",
    "tense": "past",
    "total_rule_count": 7,
    "ending_type": "true_exit_with_cost",
    "primary_theme": "AI_SELECT_THEME"
  },
  "rule_state": {
    "rules": [
      {
        "rule_number": 1,
        "rule_text": "Never look directly at them after midnight",
        "status": "discovered",
        "discovered_in_chunk": 0,
        "violated_in_chunk": null,
        "violation_count": 0,
        "consequence_applied": false,
        "consequence_description": null
      },
      {
        "rule_number": 2,
        "rule_text": "Always acknowledge them when entering a room",
        "status": "discovered",
        "discovered_in_chunk": 0,
        "violated_in_chunk": null,
        "violation_count": 0,
        "consequence_applied": false,
        "consequence_description": null
      },
      {
        "rule_number": 3,
        "rule_text": "If you hear scratching, remain completely still",
        "status": "discovered",
        "discovered_in_chunk": 0,
        "violated_in_chunk": null,
        "violation_count": 0,
        "consequence_applied": false,
        "consequence_description": null
      },
      {
        "rule_number": 4,
        "rule_text": "Never cross the the marked line after sunset",
        "status": "discovered",
        "discovered_in_chunk": 0,
        "violated_in_chunk": null,
        "violation_count": 0,
        "consequence_applied": false,
        "consequence_description": null
      },
      {
        "rule_number": 5,
        "rule_text": "Complete the first ritual before the second ritual",
        "status": "discovered",
        "discovered_in_chunk": 0,
        "violated_in_chunk": null,
        "violation_count": 0,
        "consequence_applied": false,
        "consequence_description": null
      },
      {
        "rule_number": 6,
        "rule_text": "Count to 7 whenever the lights flicker occurs",
        "status": "discovered",
        "discovered_in_chunk": 0,
        "violated_in_chunk": null,
        "violation_count": 0,
        "consequence_applied": false,
        "consequence_description": null
      },
      {
        "rule_number": 7,
        "rule_text": "Never speak their name aloud within these walls",
        "status": "unknown",
        "discovered_in_chunk": null,
        "violated_in_chunk": null,
        "violation_count": 0,
        "consequence_applied": false,
        "consequence_description": null
      }
    ],
    "rules_discovered": 6,
    "rules_violated": 0,
    "rules_remaining_unknown": 1
  },
  "protagonist_state": {
    "physical_condition": {
      "health": "healthy",
      "injuries": [],
      "location_in_setting": "lighthouse keeper's cottage kitchen",
      "possessions": [],
      "lost_possessions": []
    },
    "mental_condition": {
      "awareness": "terrified",
      "sanity": "stable",
      "primary_emotion": "neutral",
      "motivations": [
        "Understanding what is happening"
      ]
    },
    "knowledge": {
      "knows_rules": [
        1,
        2,
        3,
        4,
        5,
        6
      ],
      "knows_entities": [],
      "knows_escape_method": false,
      "false_beliefs": [],
      "recent_discoveries": []
    }
  },
  "entity_state": {
    "entities": [
      {
        "entity_name": "pale shape",
        "entity_type": "presence",
        "first_appeared_chunk": 1,
        "current_status": "observing",
        "threat_level": "present",
        "last_action": "moved through cottage interior, observed protagonist through window",
        "triggered_by": [],
        "capabilities_revealed": []
      },
      {
        "entity_name": "wall scratchers",
        "entity_type": "presence",
        "first_appeared_chunk": 1,
        "current_status": "active",
        "threat_level": "immediate",
        "last_action": "scratching inside walls, testing protagonist's compliance with rules",
        "triggered_by": [],
        "capabilities_revealed": []
      }
    ],
    "active_entity_count": 2,
    "total_entity_appearances": 2
  },
  "escalation_state": {
    "escalation_tier": 2,
    "escalation_events": [
      {
        "chunk": 1,
        "event": "Entities begin manifesting - door slams shut, lights flicker in pattern, pale shape moves through cottage, scratching begins in walls",
        "tier_before": 1,
        "tier_after": 2
      }
    ],
    "contamination_level": 25,
    "point_of_no_return_reached": true,
    "can_still_escape_cleanly": false
  },
  "narrative_state": {
    "current_chunk": 1,
    "total_words_generated": 1751,
    "target_words_remaining": 15249,
    "act_structure": {
      "current_act": "setup",
      "act_started_chunk": 1,
      "beats_completed": [],
      "beats_remaining": [
        "introduction",
        "rule_discovery",
        "first_test",
        "escalation",
        "crisis",
        "resolution"
      ]
    },
    "scene_state": {
      "current_scene_number": 0,
      "current_scene_goal": "Establish setting and protagonist",
      "scene_tension_level": "high"
    },
    "timeline": {
      "story_start_time": null,
      "current_time": null,
      "elapsed_in_story": "0"
    }
  },
  "continuity": {
    "established_facts": [
      {
        "fact": "Great-uncle Silas died 3 months ago, found at base of lighthouse",
        "established_chunk": 1,
        "category": "timeline"
      },
      {
        "fact": "Cottage extends back into cliff face in maze-like structure",
        "established_chunk": 1,
        "category": "setting"
      },
      {
        "fact": "Silas documented entity encounters for years in detailed notes",
        "established_chunk": 1,
        "category": "character"
      },
      {
        "fact": "Entities become more active at night, sleep during day",
        "established_chunk": 1,
        "category": "entity"
      },
      {
        "fact": "Marked line carved into deck, stained dark from repeated use",
        "established_chunk": 1,
        "category": "object"
      },
      {
        "fact": "Cottage has thick, viscous air with sweet-sick floral smell",
        "established_chunk": 1,
        "category": "setting"
      },
      {
        "fact": "Protagonist has no other options - lease expired, job gone",
        "established_chunk": 1,
        "category": "character"
      }
    ],
    "named_elements": {
      "character_names": [],
      "location_names": [
        "AI_SELECT_LOCATION"
      ],
      "object_names": [],
      "entity_names": [
        "pale shape",
        "wall scratchers"
      ]
    },
    "promises": [
      {
        "setup": "Protagonist must survive the night following uncle's rules",
        "established_chunk": 1,
        "requires_payoff_by": null,
        "paid_off": false,
        "payoff_chunk": null
      },
      {
        "setup": "The second ritual is more complex and may be needed if rules are broken",
        "established_chunk": 1,
        "requires_payoff_by": null,
        "paid_off": false,
        "payoff_chunk": null
      },
      {
        "setup": "Something happens to things that cross the marked line after sunset",
        "established_chunk": 1,
        "requires_payoff_by": null,
        "paid_off": false,
        "payoff_chunk": null
      },
      {
        "setup": "Scratching usually starts around 2 AM and can last until dawn",
        "established_chunk": 1,
        "requires_payoff_by": null,
        "paid_off": false,
        "payoff_chunk": null
      }
    ]
  },
  "state_delta": {
    "chunk": 1,
    "timestamp": "2026-01-29T19:52:11.820Z",
    "changes": [
      "words: 0 -> 1751",
      "escalation: tier 1 -> 2",
      "contamination: 0% -> 25%",
      "health: healthy -> healthy",
      "location: entry_point -> lighthouse keeper's cottage kitchen",
      "awareness: unaware -> terrified",
      "entity appeared: pale shape",
      "entity appeared: wall scratchers",
      "fact established: Great-uncle Silas died 3 months ago, found at base...",
      "fact established: Cottage extends back into cliff face in maze-like ...",
      "fact established: Silas documented entity encounters for years in de...",
      "fact established: Entities become more active at night, sleep during...",
      "fact established: Marked line carved into deck, stained dark from re...",
      "fact established: Cottage has thick, viscous air with sweet-sick flo...",
      "fact established: Protagonist has no other options - lease expired, ...",
      "promise: Protagonist must survive the night following uncle...",
      "promise: The second ritual is more complex and may be neede...",
      "promise: Something happens to things that cross the marked ...",
      "promise: Scratching usually starts around 2 AM and can last...",
      "point of no return reached"
    ]
  }
}