{
  "location": "Millbrook Psychiatric Hospital - Night Shift Records Department",
  "theme": "The weight of forgotten trauma and institutional secrets",
  "acts": [
    {
      "name": "setup",
      "chunks": [
        1,
        2
      ],
      "beats": [
        "arrival and orientation",
        "learning the routine",
        "first unsettling encounters"
      ],
      "escalation_range": [
        1,
        3
      ]
    },
    {
      "name": "confrontation",
      "chunks": [
        3,
        4,
        5
      ],
      "beats": [
        "rule violations begin",
        "supernatural escalation",
        "protagonist fights back"
      ],
      "escalation_range": [
        4,
        7
      ]
    },
    {
      "name": "crisis",
      "chunks": [
        6
      ],
      "beats": [
        "multiple rule failures",
        "truth revelation",
        "point of no return"
      ],
      "escalation_range": [
        8,
        9
      ]
    },
    {
      "name": "resolution",
      "chunks": [
        7
      ],
      "beats": [
        "final confrontation",
        "escape attempt",
        "costly victory"
      ],
      "escalation_range": [
        10
      ]
    }
  ],
  "rule_reveals": [
    {
      "rule_number": 2,
      "chunk": 1,
      "method": "told by departing day shift worker"
    },
    {
      "rule_number": 7,
      "chunk": 1,
      "method": "written in orientation packet"
    },
    {
      "rule_number": 3,
      "chunk": 2,
      "method": "warned by night supervisor after near-miss"
    },
    {
      "rule_number": 6,
      "chunk": 2,
      "method": "discovered through observation of locked door"
    },
    {
      "rule_number": 5,
      "chunk": 3,
      "method": "experienced firsthand when elevator malfunctions"
    },
    {
      "rule_number": 1,
      "chunk": 3,
      "method": "whispered warning from janitor"
    },
    {
      "rule_number": 4,
      "chunk": 4,
      "method": "noticed pattern in filing system"
    }
  ],
  "key_moments": [
    {
      "chunk": 1,
      "event": "Protagonist arrives for first night shift",
      "consequence": "Overwhelming sense of institutional dread"
    },
    {
      "chunk": 2,
      "event": "First glimpse of hospital gown figure",
      "consequence": "Protagonist instinctively follows rule 1 without knowing why"
    },
    {
      "chunk": 3,
      "event": "Elevator stops on 4th floor",
      "consequence": "Protagonist experiences temporal distortion"
    },
    {
      "chunk": 4,
      "event": "Accidentally reads red-dot file",
      "consequence": "Protagonist sees their own patient record from childhood"
    },
    {
      "chunk": 5,
      "event": "Room 237 found open",
      "consequence": "Protagonist glimpses the source of the hospital's corruption"
    },
    {
      "chunk": 6,
      "event": "Protagonist completes work early, can't find supervisor",
      "consequence": "Trapped alone with increasing supernatural activity"
    },
    {
      "chunk": 7,
      "event": "Final rule violation to escape",
      "consequence": "Protagonist escapes but loses memories of their suppressed trauma, doomed to repeat the cycle"
    }
  ],
  "escalation_progression": {
    "9": "Full supernatural assault, truth revealed",
    "10": "Climactic escape attempt with permanent consequences",
    "1-2": "Subtle wrongness, unexplained policies",
    "3-4": "Minor supernatural events, growing unease",
    "5-6": "Direct supernatural encounters, reality distortion",
    "7-8": "Active supernatural hostility, rules breaking down"
  },
  "central_mystery": "The hospital uses night shift workers to process files of patients who died during unethical experiments. The rules protect workers from the vengeful spirits, but breaking them reveals the protagonist was once a patient here whose memories were suppressed.",
  "cost_of_escape": "Protagonist must violate rule 4 (reading their own red-dot file) to understand how to escape, but this erases the suppressed memories that allowed them to function normally, leaving them psychologically damaged but free."
}