{
  "version": "1.0",
  "session_id": "session-2026-01-29T23-31-50-0f430f7b",
  "last_updated": "2026-01-29T23:31:50.559Z",
  "chunk_number": 0,
  "immutable_facts": {
    "setting_location": "AI_SELECT_LOCATION",
    "protagonist_name": null,
    "protagonist_role": "Someone who has arrived at this place",
    "pov_type": "first_person",
    "tense": "past",
    "total_rule_count": 7,
    "ending_type": "true_exit_with_cost",
    "primary_theme": "AI_SELECT_THEME"
  },
  "rule_state": {
    "rules": [
      {
        "rule_number": 1,
        "rule_text": "Never acknowledge the presence of anyone wearing a hospital gown in the facility after 2:00 AM",
        "status": "discovered",
        "discovered_in_chunk": 0,
        "violated_in_chunk": null,
        "violation_count": 0,
        "consequence_applied": false,
        "consequence_description": null
      },
      {
        "rule_number": 2,
        "rule_text": "All patient files must be returned to Filing Cabinet B before your shift ends, regardless of completion status",
        "status": "discovered",
        "discovered_in_chunk": 0,
        "violated_in_chunk": null,
        "violation_count": 0,
        "consequence_applied": false,
        "consequence_description": null
      },
      {
        "rule_number": 3,
        "rule_text": "If you hear your name called over the intercom, count to thirty before responding",
        "status": "discovered",
        "discovered_in_chunk": 0,
        "violated_in_chunk": null,
        "violation_count": 0,
        "consequence_applied": false,
        "consequence_description": null
      },
      {
        "rule_number": 4,
        "rule_text": "Do not read the contents of any file marked with a red dot in the upper right corner",
        "status": "discovered",
        "discovered_in_chunk": 0,
        "violated_in_chunk": null,
        "violation_count": 0,
        "consequence_applied": false,
        "consequence_description": null
      },
      {
        "rule_number": 5,
        "rule_text": "If the elevator stops on the 4th floor without being called, exit immediately and take the stairs",
        "status": "discovered",
        "discovered_in_chunk": 0,
        "violated_in_chunk": null,
        "violation_count": 0,
        "consequence_applied": false,
        "consequence_description": null
      },
      {
        "rule_number": 6,
        "rule_text": "Room 237 must remain locked at all times - if you find it open, close it without looking inside",
        "status": "discovered",
        "discovered_in_chunk": 0,
        "violated_in_chunk": null,
        "violation_count": 0,
        "consequence_applied": false,
        "consequence_description": null
      },
      {
        "rule_number": 7,
        "rule_text": "If you complete all your assigned files before 4:00 AM, immediately request additional work from the night supervisor",
        "status": "discovered",
        "discovered_in_chunk": 0,
        "violated_in_chunk": null,
        "violation_count": 0,
        "consequence_applied": false,
        "consequence_description": null
      }
    ],
    "rules_discovered": 7,
    "rules_violated": 0,
    "rules_remaining_unknown": 0
  },
  "protagonist_state": {
    "physical_condition": {
      "health": "healthy",
      "injuries": [],
      "location_in_setting": "entry_point",
      "possessions": [],
      "lost_possessions": []
    },
    "mental_condition": {
      "awareness": "unaware",
      "sanity": "stable",
      "primary_emotion": "neutral",
      "motivations": [
        "Understanding what is happening"
      ]
    },
    "knowledge": {
      "knows_rules": [
        1,
        2,
        3,
        4,
        5,
        6,
        7
      ],
      "knows_entities": [],
      "knows_escape_method": false,
      "false_beliefs": [],
      "recent_discoveries": []
    }
  },
  "entity_state": {
    "entities": [],
    "active_entity_count": 0,
    "total_entity_appearances": 0
  },
  "escalation_state": {
    "escalation_tier": 1,
    "escalation_events": [],
    "contamination_level": 0,
    "point_of_no_return_reached": false,
    "can_still_escape_cleanly": true
  },
  "narrative_state": {
    "current_chunk": 0,
    "total_words_generated": 0,
    "target_words_remaining": 13000,
    "act_structure": {
      "current_act": "setup",
      "act_started_chunk": 1,
      "beats_completed": [],
      "beats_remaining": [
        "introduction",
        "rule_discovery",
        "first_test",
        "escalation",
        "crisis",
        "resolution"
      ]
    },
    "scene_state": {
      "current_scene_number": 0,
      "current_scene_goal": "Establish setting and protagonist",
      "scene_tension_level": "low"
    },
    "timeline": {
      "story_start_time": null,
      "current_time": null,
      "elapsed_in_story": "0"
    }
  },
  "continuity": {
    "established_facts": [],
    "named_elements": {
      "character_names": [],
      "location_names": [
        "AI_SELECT_LOCATION"
      ],
      "object_names": [],
      "entity_names": []
    },
    "promises": []
  },
  "state_delta": {
    "changes": []
  }
}