{
  "version": "1.0",
  "stage": "contract",
  "session_id": "session-2026-01-29T23-31-50-0f430f7b",
  "timestamp": "2026-01-29T23:31:50.560Z",
  "user_input": {
    "wordCount": 13000,
    "ruleCount": 7,
    "location": null,
    "customLocation": null,
    "locationMode": "engine_selects",
    "entryCondition": "new_hire",
    "discoveryMethod": "explicit_list_laminated",
    "violationResponse": "escalation",
    "endingType": "true_exit_with_cost",
    "thematicFocus": null,
    "thematicMode": "engine_selects",
    "escalationStyle": null,
    "escalationMode": "mixed",
    "ambiguityLevel": "moderate"
  },
  "contract_summary": {
    "location": "AI_SELECT_LOCATION",
    "location_mode": "engine_selects",
    "rule_count": 7,
    "thematic_focus": "AI_SELECT_THEME",
    "thematic_mode": "engine_selects",
    "escalation_style": "AI_SELECT_MIXED",
    "escalation_mode": "mixed",
    "target_words": 13000
  },
  "errors": [],
  "warnings": []
}