{
  "version": "1.0",
  "stage": "contract",
  "session_id": "session-2026-01-30T01-27-32-54a7f32b",
  "timestamp": "2026-01-30T01:27:32.309Z",
  "user_input": {
    "wordCount": 16000,
    "ruleCount": 7,
    "location": null,
    "customLocation": null,
    "locationMode": "engine_selects",
    "entryCondition": "new_hire",
    "discoveryMethod": "explicit_list_laminated",
    "violationResponse": "escalation",
    "endingType": null,
    "thematicFocus": null,
    "thematicMode": "engine_selects",
    "escalationStyle": null,
    "escalationMode": "mixed",
    "ambiguityLevel": "moderate"
  },
  "contract_summary": {
    "location": "AI_SELECT_LOCATION",
    "location_mode": "engine_selects",
    "rule_count": 7,
    "thematic_focus": "AI_SELECT_THEME",
    "thematic_mode": "engine_selects",
    "escalation_style": "AI_SELECT_MIXED",
    "escalation_mode": "mixed",
    "target_words": 16000
  },
  "errors": [],
  "warnings": []
}